USE gym_management;

INSERT INTO TRAINER (first_name, last_name) VALUES
('Jade',     'Smith'),
('Sarah',    'Johnson'),
('Mike',     'Williams'),
('Laura',    'Miller'),
('Kevin',    'Anderson'),
('Rachel',   'Clark'),
('Daniel',   'Lewis'),
('Megan',    'Walker'),
('Brian',    'Hall'),
('Olivia',   'Young'),
('Jason',    'King'),
('Emma',     'Scott'),
('Andrew',   'Green'),
('Natalie',  'Adams'),
('Peter',    'Baker'),
('Chloe',    'Turner'),
('Eric',     'Hill'),
('Sophia',   'Perez'),
('Justin',   'Rivera'),
('Hannah',   'Brooks'),
('Kyle',     'Reed'),
('Lily',     'Ward'),
('Victor',   'Cox'),
('Zoe',      'Gray'),
('Ian',      'Kelly'),
('Grace',    'Foster'),
('Ethan',    'Howard'),
('Maya',     'Rogers'),
('Derek',    'Hughes'),
('Julia',    'Price');


INSERT INTO NUTRITIONIST (first_name, last_name) VALUES
('Emily',    'Brown'),
('David',    'Martinez'),
('Lisa',     'Anderson'),
('Carlos',   'Lopez'),
('Anna',     'Mitchell'),
('Jordan',   'Cook'),
('Sophie',   'Ward'),
('Lucas',    'Barnes'),
('Isabella', 'Murphy'),
('Noah',     'Rogers'),
('Liam',     'Parker'),
('Ava',      'Cooper'),
('Mason',    'Reed'),
('Mia',      'Bell'),
('Evelyn',   'Russell'),
('Logan',    'Hayes'),
('Harper',   'Simmons'),
('Jack',     'Powell'),
('Aria',     'Long'),
('Owen',     'Hughes'),
('Ella',     'Bryant'),
('Henry',    'Diaz'),
('Chloe',    'Howard'),
('Sebastian','Flores'),
('Layla',    'Allen'),
('Aiden',    'Graham'),
('Riley',    'Harrison'),
('Nathan',   'Fisher'),
('Scarlett', 'Henderson');


INSERT INTO GYM_MEMBER (first_name, last_name, trainer_id, nutritionist_id, status) VALUES
('Alex',     'Thompson', 1, 1, 'active'),
('Jessica',  'Davis',    2, 1, 'active'),
('Chris',    'Wilson',   1, 2, 'active'),
('Brandon',  'Lee',      3, 2, 'active'),
('Melissa',  'Nguyen',   4, 3, 'active'),
('Patrick',  'Coleman',  5, 3, 'inactive'),
('Vanessa',  'Price',    6, 4, 'active'),
('Ryan',     'Morgan',   7, 4, 'active'),
('Kimberly', 'Phillips', 8, 5, 'suspended'),
('Evan',     'Patterson',9, 5, 'active'),
('Natalie',  'Ross',     10,6, 'active'),
('Dylan',    'Barnes',   1, 6, 'active'),
('Olivia',   'Fisher',   2, 7, 'active'),
('Tyler',    'Mitchell', 3, 7, 'inactive'),
('Rachel',   'Reed',     4, 8, 'active'),
('Liam',     'Hayes',    5, 8, 'active'),
('Sophia',   'Cruz',     6, 9, 'active'),
('Ethan',    'Gray',     7, 9, 'active'),
('Ava',      'Sullivan', 8, 10,'suspended'),
('Logan',    'Price',    9, 10,'active'),
('Isabella', 'Torres',   10,1, 'active'),
('Mason',    'Ward',     1, 2, 'active'),
('Harper',   'Bryant',   2, 3, 'inactive'),
('Noah',     'Henderson',3, 4, 'active'),
('Ella',     'Gomez',    4, 5, 'active'),
('Owen',     'Lawson',   5, 6, 'active'),
('Chloe',    'Horton',   6, 7, 'active'),
('Henry',    'Fleming',  7, 8, 'suspended'),
('Layla',    'Abbott',   8, 9, 'active'),
('Aiden',    'Phelps',   9, 10,'active');

INSERT INTO PROGRESS (
  member_id, date, weight, body_fat_percentage, measurements, photos
) VALUES
(1, '2024-10-01', 182.0, 19.0, 'Chest: 42, Waist: 34, Arms: 15', '/photos/m1_20241001.jpg'),
(1, '2024-11-01', 180.5, 18.5, 'Chest: 42, Waist: 33.5, Arms: 15', '/photos/m1_20241101.jpg'),
(2, '2024-10-01', 147.0, 22.5, 'Chest: 36, Waist: 29, Hips: 39', '/photos/m2_20241001.jpg'),
(2, '2024-11-01', 145.0, 22.0, 'Chest: 36, Waist: 28, Hips: 38', '/photos/m2_20241101.jpg'),
(3, '2024-11-01', 195.0, 20.5, 'Chest: 44, Waist: 36, Arms: 16', '/photos/m3_20241101.jpg'),
(4, '2024-11-01', 210.0, 24.0, 'Chest: 45, Waist: 38, Arms: 16', '/photos/m4_20241101.jpg'),
(5, '2024-11-01', 135.0, 21.0, 'Chest: 34, Waist: 27, Hips: 36', '/photos/m5_20241101.jpg'),
(6, '2024-11-01', 188.0, 19.8, 'Chest: 43, Waist: 35, Arms: 15.5', '/photos/m6_20241101.jpg'),
(7, '2024-11-01', 160.0, 23.5, 'Chest: 38, Waist: 31, Hips: 40', '/photos/m7_20241101.jpg'),
(8, '2024-11-01', 172.0, 20.0, 'Chest: 40, Waist: 32, Arms: 14.5', '/photos/m8_20241101.jpg'),
(9, '2024-11-01', 198.0, 22.0, 'Chest: 44, Waist: 37, Arms: 16', '/photos/m9_20241101.jpg'),
(10,'2024-11-01', 155.0, 21.5, 'Chest: 37, Waist: 30, Hips: 39', '/photos/m10_20241101.jpg'),
(11,'2024-11-01', 168.0, 20.5, 'Chest: 39, Waist: 32, Arms: 14.5', '/photos/m11_20241101.jpg'),
(12,'2024-11-01', 190.0, 23.0, 'Chest: 43, Waist: 36, Arms: 15.5', '/photos/m12_20241101.jpg'),
(13,'2024-11-01', 140.0, 20.0, 'Chest: 35, Waist: 28, Hips: 37', '/photos/m13_20241101.jpg'),
(14,'2024-11-01', 200.0, 24.0, 'Chest: 45, Waist: 38, Arms: 16', '/photos/m14_20241101.jpg'),
(15,'2024-11-01', 170.0, 22.0, 'Chest: 39, Waist: 31, Hips: 40', '/photos/m15_20241101.jpg'),
(16,'2024-11-01', 185.0, 21.0, 'Chest: 42, Waist: 34, Arms: 15', '/photos/m16_20241101.jpg'),
(17,'2024-11-01', 160.0, 20.5, 'Chest: 38, Waist: 30, Hips: 38', '/photos/m17_20241101.jpg'),
(18,'2024-11-01', 195.0, 23.0, 'Chest: 44, Waist: 37, Arms: 16', '/photos/m18_20241101.jpg'),
(19,'2024-11-01', 150.0, 21.5, 'Chest: 36, Waist: 29, Hips: 38', '/photos/m19_20241101.jpg'),
(20,'2024-11-01', 205.0, 25.0, 'Chest: 46, Waist: 39, Arms: 16.5', '/photos/m20_20241101.jpg'),
(21,'2024-11-01', 162.0, 22.0, 'Chest: 38, Waist: 31, Hips: 39', '/photos/m21_20241101.jpg'),
(22,'2024-11-01', 178.0, 21.0, 'Chest: 41, Waist: 33, Arms: 15', '/photos/m22_20241101.jpg'),
(23,'2024-11-01', 166.0, 20.5, 'Chest: 39, Waist: 31, Hips: 39', '/photos/m23_20241101.jpg'),
(24,'2024-11-01', 192.0, 23.5, 'Chest: 44, Waist: 37, Arms: 15.5', '/photos/m24_20241101.jpg'),
(25,'2024-11-01', 148.0, 21.8, 'Chest: 36, Waist: 29, Hips: 37', '/photos/m25_20241101.jpg'),
(26,'2024-11-01', 210.0, 25.5, 'Chest: 47, Waist: 40, Arms: 17', '/photos/m26_20241101.jpg'),
(27,'2024-11-01', 174.0, 22.3, 'Chest: 40, Waist: 32, Hips: 40', '/photos/m27_20241101.jpg'),
(28,'2024-11-01', 188.0, 23.0, 'Chest: 42, Waist: 35, Arms: 15.5', '/photos/m28_20241101.jpg'),
(29,'2024-11-01', 152.0, 21.2, 'Chest: 36, Waist: 29, Hips: 38', '/photos/m29_20241101.jpg'),
(30,'2024-11-01', 198.0, 24.0, 'Chest: 44, Waist: 38, Arms: 16', '/photos/m30_20241101.jpg');


INSERT INTO FOOD_LOG (
  member_id, food, timestamp, portion_size, calories, proteins, carbs, fats
) VALUES
(1,  'Grilled Chicken Breast', '2024-11-20 12:30:00', '6 oz',   280, 53.0,  0.0,  6.2),
(1,  'Brown Rice',             '2024-11-20 12:30:00', '1 cup',  216,  5.0, 45.0,  1.8),
(2,  'Greek Yogurt',           '2024-11-20 08:00:00', '1 cup',  130, 20.0,  9.0,  0.7),
(2,  'Banana',                 '2024-11-20 09:30:00', '1 medium',105,  1.3, 27.0, 0.3),
(3,  'Oatmeal',                '2024-11-20 07:30:00', '1 cup',  150,  6.0, 27.0,  3.0),
(3,  'Almonds',                '2024-11-20 10:00:00', '1 oz',   164,  6.0,  6.0, 14.0),
(4,  'Protein Shake',          '2024-11-20 13:00:00', '1 scoop',180, 25.0, 10.0,  4.0),
(4,  'Apple',                  '2024-11-20 15:00:00', '1 medium',95,  0.5, 25.0,  0.3),
(5,  'Salmon',                 '2024-11-20 19:00:00', '5 oz',   250, 30.0,  0.0, 14.0),
(5,  'Quinoa',                 '2024-11-20 19:00:00', '1 cup',  222,  8.0, 39.0,  3.5),
(6,  'Turkey Sandwich',        '2024-11-19 12:00:00', '1 sandwich',320, 25.0, 35.0, 9.0),
(6,  'Orange',                 '2024-11-19 09:00:00', '1 medium',62,  1.2, 15.0,  0.2),
(7,  'Egg Omelette',           '2024-11-19 08:00:00', '2 eggs',  140, 14.0,  1.0, 10.0),
(7,  'Whole Wheat Toast',      '2024-11-19 08:00:00', '2 slices',160,  6.0, 26.0,  2.0),
(8,  'Chicken Salad',          '2024-11-18 13:00:00', '1 bowl',  300, 30.0, 15.0, 12.0),
(8,  'Yogurt',                 '2024-11-18 10:00:00', '1 cup',  120, 12.0, 15.0,  3.0),
(9,  'Steak',                  '2024-11-18 19:30:00', '6 oz',   350, 38.0,  0.0, 20.0),
(9,  'Mashed Potatoes',        '2024-11-18 19:30:00', '1 cup',  214,  4.0, 35.0,  8.0),
(10, 'Cottage Cheese',         '2024-11-18 21:00:00', '1 cup',  206, 28.0,  8.0,  9.0),
(10, 'Blueberries',            '2024-11-18 21:00:00', '1/2 cup',42,  0.5, 11.0,  0.2),
(11, 'Grilled Shrimp',         '2024-11-17 18:30:00', '5 oz',   200, 30.0,  0.0,  8.0),
(11, 'Brown Rice',             '2024-11-17 18:30:00', '1 cup',  216,  5.0, 45.0,  1.8),
(12, 'Pasta with Marinara',    '2024-11-17 13:00:00', '2 cups', 420, 14.0, 70.0,  7.0),
(12, 'Side Salad',             '2024-11-17 13:00:00', '1 bowl', 80,   3.0, 12.0,  3.0),
(13, 'Tofu Stir-fry',          '2024-11-16 19:00:00', '1 plate',350, 18.0, 35.0, 15.0),
(14, 'Chicken Burrito',        '2024-11-16 12:30:00', '1 burrito',480, 30.0, 50.0,15.0),
(15, 'Greek Yogurt',           '2024-11-16 08:30:00', '1 cup',  130, 20.0,  9.0,  0.7),
(16, 'Oatmeal',                '2024-11-16 07:30:00', '1 cup',  150,  6.0, 27.0,  3.0),
(17, 'Protein Bar',            '2024-11-15 10:00:00', '1 bar',  210, 20.0, 23.0,  7.0),
(18, 'Caesar Salad',           '2024-11-15 12:00:00', '1 bowl', 280, 10.0, 12.0, 20.0);

INSERT INTO MEAL_PLAN (member_id, calorie_goals, macro_goals, date) VALUES
(1,  2500, 'Protein: 180g, Carbs: 250g, Fats: 70g', '2024-11-01'),
(2,  1800, 'Protein: 120g, Carbs: 180g, Fats: 50g', '2024-11-01'),
(3,  2800, 'Protein: 200g, Carbs: 280g, Fats: 80g', '2024-11-01'),
(4,  2200, 'Protein: 150g, Carbs: 220g, Fats: 60g', '2024-11-01'),
(5,  1600, 'Protein: 110g, Carbs: 150g, Fats: 45g', '2024-11-01'),
(6,  2400, 'Protein: 170g, Carbs: 230g, Fats: 70g', '2024-11-01'),
(7,  2000, 'Protein: 140g, Carbs: 200g, Fats: 60g', '2024-11-01'),
(8,  2600, 'Protein: 190g, Carbs: 260g, Fats: 75g', '2024-11-01'),
(9,  1900, 'Protein: 130g, Carbs: 190g, Fats: 55g', '2024-11-01'),
(10, 2100, 'Protein: 145g, Carbs: 210g, Fats: 60g', '2024-11-01'),
(11, 2300, 'Protein: 160g, Carbs: 230g, Fats: 65g', '2024-11-01'),
(12, 1750, 'Protein: 115g, Carbs: 175g, Fats: 50g', '2024-11-01'),
(13, 1950, 'Protein: 135g, Carbs: 195g, Fats: 55g', '2024-11-01'),
(14, 2500, 'Protein: 175g, Carbs: 250g, Fats: 70g', '2024-11-01'),
(15, 1850, 'Protein: 125g, Carbs: 185g, Fats: 52g', '2024-11-01'),
(16, 2600, 'Protein: 185g, Carbs: 260g, Fats: 78g', '2024-11-01'),
(17, 2000, 'Protein: 140g, Carbs: 200g, Fats: 60g', '2024-11-01'),
(18, 2200, 'Protein: 150g, Carbs: 220g, Fats: 62g', '2024-11-01'),
(19, 1800, 'Protein: 120g, Carbs: 180g, Fats: 50g', '2024-11-01'),
(20, 2700, 'Protein: 195g, Carbs: 270g, Fats: 80g', '2024-11-01'),
(21, 2100, 'Protein: 145g, Carbs: 210g, Fats: 60g', '2024-11-01'),
(22, 2250, 'Protein: 155g, Carbs: 225g, Fats: 65g', '2024-11-01'),
(23, 1900, 'Protein: 130g, Carbs: 190g, Fats: 55g', '2024-11-01'),
(24, 2400, 'Protein: 170g, Carbs: 240g, Fats: 70g', '2024-11-01'),
(25, 2000, 'Protein: 140g, Carbs: 200g, Fats: 58g', '2024-11-01'),
(26, 2550, 'Protein: 180g, Carbs: 255g, Fats: 76g', '2024-11-01'),
(27, 1850, 'Protein: 125g, Carbs: 185g, Fats: 52g', '2024-11-01'),
(28, 2300, 'Protein: 160g, Carbs: 230g, Fats: 68g', '2024-11-01'),
(29, 1750, 'Protein: 115g, Carbs: 175g, Fats: 50g', '2024-11-01'),
(30, 2600, 'Protein: 185g, Carbs: 260g, Fats: 78g', '2024-11-01');


INSERT INTO WORKOUT_PLAN (member_id, goals, date) VALUES
(1,  'Build muscle mass, increase strength in compound lifts', '2024-11-01'),
(2,  'Tone muscles, improve cardiovascular endurance',         '2024-11-01'),
(3,  'Powerlifting focused, increase 1RM on squat, bench, deadlift', '2024-11-01'),
(4,  'Improve overall conditioning and flexibility',            '2024-11-01'),
(5,  'Weight loss with moderate resistance and cardio mix',     '2024-11-01'),
(6,  'Hypertrophy split: chest/back/legs/shoulders-arms',       '2024-11-01'),
(7,  'Full-body beginner routine 3x per week',                  '2024-11-01'),
(8,  'Strength plus HIIT finisher sessions',                    '2024-11-01'),
(9,  'Upper/lower split with progressive overload',             '2024-11-01'),
(10, 'Endurance training for 10K run',                          '2024-11-01'),
(11, 'Athletic performance for recreational basketball',        '2024-11-01'),
(12, 'Core strengthening and posture improvement',              '2024-11-01'),
(13, 'Glute and leg focused hypertrophy',                       '2024-11-01'),
(14, 'Body recomposition: lose fat, gain lean mass',            '2024-11-01'),
(15, 'Low-impact strength work for joint health',               '2024-11-01'),
(16, 'Push/pull/legs 6x per week',                              '2024-11-01'),
(17, 'Strength maintenance with minimal time commitment',       '2024-11-01'),
(18, 'High-intensity interval training and circuits',           '2024-11-01'),
(19, 'Kickboxing-based conditioning program',                   '2024-11-01'),
(20, 'Power and speed training for sprinting',                  '2024-11-01'),
(21, 'Muscle endurance and time-under-tension focus',           '2024-11-01'),
(22, 'Beginner calisthenics progression',                       '2024-11-01'),
(23, 'Cross-training for general fitness and variety',          '2024-11-01'),
(24, 'Strongman-style functional strength training',            '2024-11-01'),
(25, 'Rehab-oriented light resistance plan',                    '2024-11-01'),
(26, 'Olympic lifting fundamentals',                            '2024-11-01'),
(27, 'Bodyweight-only strength routine',                        '2024-11-01'),
(28, 'Mixed cardio and full-body strength circuit',             '2024-11-01'),
(29, 'Core and stability emphasis with free weights',           '2024-11-01'),
(30, 'Hybrid powerbuilding (strength + hypertrophy)',           '2024-11-01');

INSERT INTO EXERCISE (category, sets, reps, weight) VALUES
('Bench Press',              4,  8, 185.00),
('Squats',                   4, 10, 225.00),
('Deadlift',                 3,  6, 315.00),
('Pull-ups',                 3, 12,   0.00),
('Running',                  1,  1,   0.00),
('Overhead Press',           4,  8, 105.00),
('Barbell Row',              4, 10, 155.00),
('Lat Pulldown',             3, 12, 120.00),
('Leg Press',                4, 12, 300.00),
('Lunges',                   3, 10,  50.00),
('Leg Curls',                3, 12,  90.00),
('Leg Extensions',           3, 12,  85.00),
('Bicep Curls',              3, 12,  30.00),
('Tricep Pushdown',          3, 12,  55.00),
('Shoulder Lateral Raise',   3, 15,  20.00),
('Plank',                    3,  1,   0.00),
('Russian Twists',           3, 20,  15.00),
('Mountain Climbers',        3, 30,   0.00),
('Burpees',                  3, 15,   0.00),
('Rowing Machine',           1, 10,   0.00),
('Cycling',                  1, 20,   0.00),
('Stair Climber',            1, 15,   0.00),
('Hip Thrusts',              4, 10, 185.00),
('Calf Raises',              4, 15,  90.00),
('Incline Bench Press',      4,  8, 165.00),
('Dumbbell Flyes',           3, 12,  35.00),
('Face Pulls',               3, 15,  40.00),
('Farmer''s Walk',           3,  1, 140.00),
('Kettlebell Swings',        3, 20,  35.00),
('Arnold Press',             3, 10,  35.00);


INSERT INTO WORKOUT_LOG (
  member_id, trainer_id, date, notes, sessions
) VALUES
(1,  1, '2024-11-20', 'Great session, hit new PR on bench press', 1),
(2,  2, '2024-11-20', 'Focused on form, cardio endurance improving', 1),
(3,  1, '2024-11-19', 'Heavy deadlift day, feeling strong', 1),
(4,  3, '2024-11-19', 'Full-body workout, slight fatigue at the end', 1),
(5,  4, '2024-11-18', 'Leg day, pushed squats and lunges hard', 1),
(6,  5, '2024-11-18', 'Upper body push day, solid pump', 1),
(7,  6, '2024-11-18', 'HIIT and core routine, very intense', 1),
(8,  7, '2024-11-17', 'Pull day back workout, improved pull-ups', 1),
(9,  8, '2024-11-17', 'Mixed cardio and strength session', 1),
(10, 9, '2024-11-17', 'Endurance run followed by light weights', 1),
(11, 10,'2024-11-16', 'Basketball conditioning plus strength work', 1),
(12, 1, '2024-11-16', 'Core-focused day with planks and twists', 1),
(13, 2, '2024-11-16', 'Calisthenics-based routine, bodyweight only', 1),
(14, 3, '2024-11-15', 'Strongman style: carries and heavy lifts', 1),
(15, 4, '2024-11-15', 'Rehab-focused light resistance session', 1),
(16, 5, '2024-11-15', 'Push/pull/legs rotation, push day', 1),
(17, 6, '2024-11-14', 'Interval sprints and light lifting', 1),
(18, 7, '2024-11-14', 'Technique work on Olympic lifts', 1),
(19, 8, '2024-11-14', 'Glute and leg emphasis with hip thrusts', 1),
(20, 9, '2024-11-13', 'Circuits with kettlebell swings and burpees', 1),
(21, 10,'2024-11-13', 'Rowing and core finisher, moderate intensity', 1),
(22, 1, '2024-11-13', 'Upper body maintenance session', 1),
(23, 2, '2024-11-12', 'Low-impact cardio and stretching', 1),
(24, 3, '2024-11-12', 'Heavy squat and accessory work', 1),
(25, 4, '2024-11-12', 'Pull day with focus on barbell rows', 1),
(26, 5, '2024-11-11', 'Endurance training on bike and rower', 1),
(27, 6, '2024-11-11', 'Mixed strength and conditioning circuit', 1),
(28, 7, '2024-11-11', 'Core stability work and light full-body', 1),
(29, 8, '2024-11-10', 'Speed and agility drills plus light weights', 1),
(30, 9, '2024-11-10', 'Powerbuilding session, heavy compounds', 1);



INSERT INTO MESSAGE (member_id, trainer_id, content, message_timestamp, read_status) VALUES
(1, 1, 'Hi! Can we reschedule my session next week?', '2024-11-20 10:30:00', 'read'),
(1, 1, 'Great workout today, thanks for the tips!', '2024-11-19 15:45:00', 'read'),
(2, 2, 'What should I eat before morning workouts?', '2024-11-18 08:00:00', 'unread'),
(3, 1, 'My shoulder is feeling better, ready to lift heavier', '2024-11-17 14:20:00', 'read'),
(1, 1, 'Can you send me that meal plan we discussed?', '2024-11-16 12:00:00', 'read'),
(4, 3, 'Running late for our 3pm session, be there in 10 mins', '2024-11-20 14:50:00', 'read'),
(5, 4, 'Thanks for adjusting my program, feeling much stronger', '2024-11-19 18:30:00', 'read'),
(6, 5, 'Need to cancel Friday session, family emergency', '2024-11-19 09:15:00', 'read'),
(7, 6, 'Question about proper squat form, can we review?', '2024-11-18 16:45:00', 'unread'),
(8, 7, 'Hit my goal weight! Ready to focus on muscle building', '2024-11-18 11:20:00', 'read'),
(9, 8, 'Knee is bothering me again, should I skip leg day?', '2024-11-17 07:30:00', 'read'),
(10, 9, 'Can I get a copy of my workout plan?', '2024-11-17 13:00:00', 'unread'),
(11, 10, 'Loved the new circuit training routine!', '2024-11-16 19:45:00', 'read'),
(12, 1, 'What supplements do you recommend for recovery?', '2024-11-16 10:00:00', 'read'),
(13, 2, 'Can we add more cardio to my routine?', '2024-11-15 15:30:00', 'read'),
(14, 3, 'Need advice on pre-competition nutrition', '2024-11-15 08:45:00', 'unread'),
(15, 4, 'Really struggling with motivation this week', '2024-11-14 20:15:00', 'read'),
(16, 5, 'My protein intake - am I getting enough?', '2024-11-14 12:30:00', 'read'),
(17, 6, 'Want to switch from evening to morning sessions', '2024-11-13 17:00:00', 'read'),
(18, 7, 'That HIIT workout kicked my butt, more please!', '2024-11-13 14:20:00', 'read'),
(19, 8, 'Lower back pain after deadlifts, is my form off?', '2024-11-12 09:30:00', 'unread'),
(20, 9, 'Ready to increase weights on bench press', '2024-11-12 16:45:00', 'read'),
(21, 10, 'Can we work on flexibility and mobility more?', '2024-11-11 11:15:00', 'read'),
(22, 1, 'Traveling next week, can you send hotel workout?', '2024-11-11 19:00:00', 'read'),
(23, 2, 'Finally nailed that pull-up! Thanks for your patience', '2024-11-10 15:30:00', 'read'),
(24, 3, 'Need to reschedule all next week sessions', '2024-11-10 08:00:00', 'unread'),
(25, 4, 'What are your thoughts on intermittent fasting?', '2024-11-09 13:45:00', 'read'),
(26, 5, 'Feeling burnt out, should I take a rest week?', '2024-11-09 17:20:00', 'read'),
(27, 6, 'Can we add yoga to my recovery days?', '2024-11-08 10:30:00', 'read'),
(28, 7, 'Hit a new PR on squats today! 225lbs!', '2024-11-08 18:15:00', 'read'),
(29, 8, 'Sleep has been terrible, affecting my workouts', '2024-11-07 07:45:00', 'unread'),
(30, 9, 'Ready to train for a 5K, can you help?', '2024-11-07 14:00:00', 'read');

INSERT INTO CLASS_SESSION (trainer_id, class_name, date, cost) VALUES
(2,  'Yoga Flow',          '2024-11-25 09:00:00', 25.00),
(1,  'HIIT Training',      '2024-11-25 18:00:00', 30.00),
(3,  'Spin Class',         '2024-11-26 07:00:00', 20.00),
(4,  'Beginner Strength',  '2024-11-26 18:00:00', 22.00),
(5,  'Advanced Lifting',   '2024-11-27 19:00:00', 28.00),
(6,  'Core & Mobility',    '2024-11-27 07:30:00', 18.00),
(7,  'Bootcamp Blast',     '2024-11-28 17:30:00', 27.00),
(8,  'Cardio Kickboxing',  '2024-11-28 19:00:00', 24.00),
(9,  'Pilates Essentials', '2024-11-29 08:00:00', 23.00),
(10, 'Stretch & Recover',  '2024-11-29 20:00:00', 15.00),
(1,  'Power Yoga',         '2024-11-30 09:00:00', 26.00),
(2,  'Tabata Conditioning','2024-11-30 18:00:00', 29.00),
(3,  'Morning Spin',       '2024-12-01 07:00:00', 21.00),
(4,  'Strength Circuit',   '2024-12-01 18:30:00', 25.00),
(5,  'Olympic Lift Intro', '2024-12-02 19:00:00', 30.00),
(6,  'Functional Fitness', '2024-12-02 07:30:00', 24.00),
(7,  'Core Crusher',       '2024-12-03 17:30:00', 20.00),
(8,  'Cardio Mix',         '2024-12-03 19:00:00', 22.00),
(9,  'Pilates Advanced',   '2024-12-04 08:00:00', 26.00),
(10, 'Relax & Restore',    '2024-12-04 20:00:00', 18.00),
(1,  'Strength Foundations','2024-12-05 09:00:00', 23.00),
(2,  'HIIT Express',        '2024-12-05 12:00:00', 20.00),
(3,  'Spin & Sculpt',       '2024-12-05 18:00:00', 27.00),
(4,  'Glute Camp',          '2024-12-06 17:30:00', 24.00),
(5,  'Power Hour',          '2024-12-06 19:00:00', 28.00),
(6,  'Mobility Flow',       '2024-12-07 08:00:00', 19.00),
(7,  'Core & Cardio',       '2024-12-07 17:00:00', 22.00),
(8,  'Kickboxing Basics',   '2024-12-08 18:00:00', 23.00),
(9,  'Pilates Restore',     '2024-12-08 09:00:00', 21.00),
(10, 'Gentle Stretch',      '2024-12-09 20:00:00', 15.00);


INSERT INTO INVOICE (
  member_id, trainer_id, amount, date_issued, status, category, date
) VALUES
(1,  1, 150.00, '2024-11-01', 'paid',    'Monthly Membership',        '2024-11-01'),
(2,  2, 150.00, '2024-11-01', 'paid',    'Monthly Membership',        '2024-11-01'),
(3,  1, 200.00, '2024-11-01', 'pending', 'Personal Training Package', '2024-11-01'),
(4,  3, 150.00, '2024-11-05', 'paid',    'Monthly Membership',        '2024-11-05'),
(5,  4, 220.00, '2024-11-05', 'paid',    'Personal Training Package', '2024-11-05'),
(6,  5, 150.00, '2024-11-10', 'overdue', 'Monthly Membership',        '2024-11-10'),
(7,  6, 180.00, '2024-11-10', 'paid',    'Group Class Pack',          '2024-11-10'),
(8,  7, 150.00, '2024-11-12', 'paid',    'Monthly Membership',        '2024-11-12'),
(9,  8, 250.00, '2024-11-12', 'pending', 'Personal Training Package', '2024-11-12'),
(10, 9, 150.00, '2024-11-15', 'paid',    'Monthly Membership',        '2024-11-15'),
(11, 10,160.00, '2024-11-15', 'paid',    'Yoga Class Pack',           '2024-11-15'),
(12, 1, 150.00, '2024-11-18', 'pending', 'Monthly Membership',        '2024-11-18'),
(13, 2, 210.00, '2024-11-18', 'paid',    'PT + Class Bundle',         '2024-11-18'),
(14, 3, 150.00, '2024-11-20', 'paid',    'Monthly Membership',        '2024-11-20'),
(15, 4, 230.00, '2024-11-20', 'overdue', 'Personal Training Package', '2024-11-20'),
(16, 5, 150.00, '2024-11-22', 'paid',    'Monthly Membership',        '2024-11-22'),
(17, 6, 175.00, '2024-11-22', 'paid',    'Group Classes Unlimited',   '2024-11-22'),
(18, 7, 150.00, '2024-11-25', 'pending', 'Monthly Membership',        '2024-11-25'),
(19, 8, 260.00, '2024-11-25', 'paid',    'PT + Nutrition Bundle',     '2024-11-25'),
(20, 9, 150.00, '2024-11-27', 'paid',    'Monthly Membership',        '2024-11-27'),
(21, 10,190.00, '2024-11-27', 'paid',    'Spin Class Pack',           '2024-11-27'),
(22, 1, 150.00, '2024-11-29', 'pending', 'Monthly Membership',        '2024-11-29'),
(23, 2, 220.00, '2024-11-29', 'paid',    'Personal Training Package', '2024-11-29'),
(24, 3, 150.00, '2024-12-01', 'paid',    'Monthly Membership',        '2024-12-01'),
(25, 4, 200.00, '2024-12-01', 'pending', 'PT + Class Bundle',         '2024-12-01'),
(26, 5, 150.00, '2024-12-03', 'paid',    'Monthly Membership',        '2024-12-03'),
(27, 6, 180.00, '2024-12-03', 'paid',    'Group Class Pack',          '2024-12-03'),
(28, 7, 150.00, '2024-12-05', 'overdue', 'Monthly Membership',        '2024-12-05'),
(29, 8, 250.00, '2024-12-05', 'paid',    'Personal Training + Nutrition','2024-12-05'),
(30, 9, 150.00, '2024-12-07', 'paid',    'Monthly Membership',        '2024-12-07');


INSERT INTO PAYMENT (invoice_id, paid_date, card_details, bank_info) VALUES
(1,  '2024-11-02', 'Visa ending in 1234',        NULL),
(2,  '2024-11-03', 'Mastercard ending in 5678',  NULL),
(4,  '2024-11-06', 'Visa ending in 4321',        NULL),
(5,  '2024-11-06', 'Amex ending in 1111',        NULL),
(6,  '2024-11-20', 'Visa ending in 2222',        NULL),
(7,  '2024-11-11', 'Mastercard ending in 9999',  NULL),
(8,  '2024-11-13', 'Visa ending in 5555',        NULL),
(10, '2024-11-16', 'Visa ending in 7777',        NULL),
(11, '2024-11-16', 'Discover ending in 8888',    NULL),
(13, '2024-11-19', 'Mastercard ending in 2468',  NULL),
(14, '2024-11-21', 'Visa ending in 1357',        NULL),
(16, '2024-11-23', 'Visa ending in 1010',        NULL),
(17, '2024-11-23', 'Mastercard ending in 9090',  NULL),
(19, '2024-11-26', 'Amex ending in 3333',        NULL),
(20, '2024-11-28', 'Visa ending in 4444',        NULL),
(21, '2024-11-28', 'Discover ending in 6666',    NULL),
(23, '2024-11-30', 'Visa ending in 5556',        NULL),
(24, '2024-12-02', 'Mastercard ending in 5670',  NULL),
(26, '2024-12-04', 'Amex ending in 9990',        NULL),
(27, '2024-12-04', 'Visa ending in 1212',        NULL),
(29, '2024-12-06', 'Mastercard ending in 3434',  NULL),
(30, '2024-12-08', 'Visa ending in 7878',        NULL),
(3,  '2024-11-10', 'Late payment - Visa 9876',   NULL),
(9,  '2024-11-15', 'Visa ending in 4020',        NULL),
(12, '2024-11-20', 'Mastercard ending in 5050',  NULL),
(15, '2024-11-25', 'Visa ending in 6060',        NULL),
(18, '2024-11-27', 'Discover ending in 7070',    NULL),
(22, '2024-12-01', 'Visa ending in 8080',        NULL),
(25, '2024-12-03', 'Mastercard ending in 9099',  NULL),
(28, '2024-12-06', 'Visa ending in 3003',        NULL);

-- =====================================================
-- CLASS_ATTENDANCE sample data (125 rows)
-- =====================================================
INSERT INTO CLASS_ATTENDANCE (session_id, member_id, status) VALUES
(1, 1, 'registered'),
(1, 2, 'attended'),
(1, 3, 'cancelled'),
(2, 1, 'no-show'),
(2, 2, 'registered'),
(2, 3, 'attended'),
(3, 1, 'cancelled'),
(3, 2, 'no-show'),
(3, 3, 'registered'),
(4, 1, 'attended'),
(4, 2, 'cancelled'),
(4, 3, 'no-show'),
(5, 1, 'registered'),
(5, 2, 'attended'),
(5, 3, 'cancelled'),
(6, 1, 'no-show'),
(6, 2, 'registered'),
(6, 3, 'attended'),
(7, 1, 'cancelled'),
(7, 2, 'no-show'),
(7, 3, 'registered'),
(8, 1, 'attended'),
(8, 2, 'cancelled'),
(8, 3, 'no-show'),
(9, 1, 'registered'),
(9, 2, 'attended'),
(9, 3, 'cancelled'),
(10, 1, 'no-show'),
(10, 2, 'registered'),
(10, 3, 'attended'),
(11, 1, 'cancelled'),
(11, 2, 'no-show'),
(11, 3, 'registered'),
(12, 1, 'attended'),
(12, 2, 'cancelled'),
(12, 3, 'no-show'),
(13, 1, 'registered'),
(13, 2, 'attended'),
(13, 3, 'cancelled'),
(14, 1, 'no-show'),
(14, 2, 'registered'),
(14, 3, 'attended'),
(15, 1, 'cancelled'),
(15, 2, 'no-show'),
(15, 3, 'registered'),
(16, 1, 'attended'),
(16, 2, 'cancelled'),
(16, 3, 'no-show'),
(17, 1, 'registered'),
(17, 2, 'attended'),
(17, 3, 'cancelled'),
(18, 1, 'no-show'),
(18, 2, 'registered'),
(18, 3, 'attended'),
(19, 1, 'cancelled'),
(19, 2, 'no-show'),
(19, 3, 'registered'),
(20, 1, 'attended'),
(20, 2, 'cancelled'),
(20, 3, 'no-show'),
(21, 1, 'registered'),
(21, 2, 'attended'),
(21, 3, 'cancelled'),
(22, 1, 'no-show'),
(22, 2, 'registered'),
(22, 3, 'attended'),
(23, 1, 'cancelled'),
(23, 2, 'no-show'),
(23, 3, 'registered'),
(24, 1, 'attended'),
(24, 2, 'cancelled'),
(24, 3, 'no-show'),
(25, 1, 'registered'),
(25, 2, 'attended'),
(25, 3, 'cancelled'),
(26, 1, 'no-show'),
(26, 2, 'registered'),
(26, 3, 'attended'),
(27, 1, 'cancelled'),
(27, 2, 'no-show'),
(27, 3, 'registered'),
(28, 1, 'attended'),
(28, 2, 'cancelled'),
(28, 3, 'no-show'),
(29, 1, 'registered'),
(29, 2, 'attended'),
(29, 3, 'cancelled'),
(30, 1, 'no-show'),
(30, 2, 'registered'),
(30, 3, 'attended'),
(31, 1, 'cancelled'),
(31, 2, 'no-show'),
(31, 3, 'registered'),
(32, 1, 'attended'),
(32, 2, 'cancelled'),
(32, 3, 'no-show'),
(33, 1, 'registered'),
(33, 2, 'attended'),
(33, 3, 'cancelled'),
(34, 1, 'no-show'),
(34, 2, 'registered'),
(34, 3, 'attended'),
(35, 1, 'cancelled'),
(35, 2, 'no-show'),
(35, 3, 'registered'),
(36, 1, 'attended'),
(36, 2, 'cancelled'),
(36, 3, 'no-show'),
(37, 1, 'registered'),
(37, 2, 'attended'),
(37, 3, 'cancelled'),
(38, 1, 'no-show'),
(38, 2, 'registered'),
(38, 3, 'attended'),
(39, 1, 'cancelled'),
(39, 2, 'no-show'),
(39, 3, 'registered'),
(40, 1, 'attended'),
(40, 2, 'cancelled'),
(40, 3, 'no-show'),
(41, 1, 'registered'),
(41, 2, 'attended'),
(41, 3, 'cancelled'),
(42, 1, 'no-show'),
(42, 2, 'registered'),
(42, 3, 'attended'),
(43, 1, 'cancelled'),
(43, 2, 'no-show'),
(43, 3, 'registered'),
(44, 1, 'attended'),
(44, 2, 'cancelled'),
(44, 3, 'no-show'),
(45, 1, 'registered'),
(45, 2, 'attended'),
(45, 3, 'cancelled'),
(46, 1, 'no-show'),
(46, 2, 'registered'),
(46, 3, 'attended'),
(47, 1, 'cancelled'),
(47, 2, 'no-show'),
(47, 3, 'registered'),
(48, 1, 'attended'),
(48, 2, 'cancelled'),
(48, 3, 'no-show'),
(49, 1, 'registered'),
(49, 2, 'attended'),
(49, 3, 'cancelled'),
(50, 1, 'no-show'),
(50, 2, 'registered'),
(50, 3, 'attended'),
(51, 1, 'cancelled'),
(51, 2, 'no-show'),
(51, 3, 'registered'),
(52, 1, 'attended'),
(52, 2, 'cancelled'),
(52, 3, 'no-show'),
(53, 1, 'registered'),
(53, 2, 'attended'),
(53, 3, 'cancelled'),
(54, 1, 'no-show'),
(54, 2, 'registered');

-- =====================================================
-- PLAN_EXERCISE sample data (125 rows)
-- =====================================================
INSERT INTO PLAN_EXERCISE (plan_id, exercise_id) VALUES
(1, 1),
(1, 2),
(1, 3),
(1, 4),
(1, 5),
(2, 1),
(2, 2),
(2, 3),
(2, 4),
(2, 5),
(3, 1),
(3, 2),
(3, 3),
(3, 4),
(3, 5),
(1, 1),
(1, 2),
(1, 3),
(1, 4),
(1, 5),
(2, 1),
(2, 2),
(2, 3),
(2, 4),
(2, 5),
(3, 1),
(3, 2),
(3, 3),
(3, 4),
(3, 5),
(1, 1),
(1, 2),
(1, 3),
(1, 4),
(1, 5),
(2, 1),
(2, 2),
(2, 3),
(2, 4),
(2, 5),
(3, 1),
(3, 2),
(3, 3),
(3, 4),
(3, 5),
(1, 1),
(1, 2),
(1, 3),
(1, 4),
(1, 5),
(2, 1),
(2, 2),
(2, 3),
(2, 4),
(2, 5),
(3, 1),
(3, 2),
(3, 3),
(3, 4),
(3, 5),
(1, 1),
(1, 2),
(1, 3),
(1, 4),
(1, 5),
(2, 1),
(2, 2),
(2, 3),
(2, 4),
(2, 5),
(3, 1),
(3, 2),
(3, 3),
(3, 4),
(3, 5),
(1, 1),
(1, 2),
(1, 3),
(1, 4),
(1, 5),
(2, 1),
(2, 2),
(2, 3),
(2, 4),
(2, 5),
(3, 1),
(3, 2),
(3, 3),
(3, 4),
(3, 5),
(1, 1),
(1, 2),
(1, 3),
(1, 4),
(1, 5),
(2, 1),
(2, 2),
(2, 3),
(2, 4),
(2, 5),
(3, 1),
(3, 2),
(3, 3),
(3, 4),
(3, 5),
(1, 1),
(1, 2),
(1, 3),
(1, 4),
(1, 5),
(2, 1),
(2, 2),
(2, 3),
(2, 4),
(2, 5),
(3, 1),
(3, 2),
(3, 3),
(3, 4),
(3, 5),
(1, 1),
(1, 2),
(1, 3),
(1, 4),
(1, 5);

-- =====================================================
-- LOG_EXERCISE sample data (125 rows)
-- =====================================================
INSERT INTO LOG_EXERCISE (log_id, exercise_id) VALUES
(1, 1),
(1, 2),
(1, 3),
(1, 4),
(1, 5),
(2, 1),
(2, 2),
(2, 3),
(2, 4),
(2, 5),
(3, 1),
(3, 2),
(3, 3),
(3, 4),
(3, 5),
(1, 1),
(1, 2),
(1, 3),
(1, 4),
(1, 5),
(2, 1),
(2, 2),
(2, 3),
(2, 4),
(2, 5),
(3, 1),
(3, 2),
(3, 3),
(3, 4),
(3, 5),
(1, 1),
(1, 2),
(1, 3),
(1, 4),
(1, 5),
(2, 1),
(2, 2),
(2, 3),
(2, 4),
(2, 5),
(3, 1),
(3, 2),
(3, 3),
(3, 4),
(3, 5),
(1, 1),
(1, 2),
(1, 3),
(1, 4),
(1, 5),
(2, 1),
(2, 2),
(2, 3),
(2, 4),
(2, 5),
(3, 1),
(3, 2),
(3, 3),
(3, 4),
(3, 5),
(1, 1),
(1, 2),
(1, 3),
(1, 4),
(1, 5),
(2, 1),
(2, 2),
(2, 3),
(2, 4),
(2, 5),
(3, 1),
(3, 2),
(3, 3),
(3, 4),
(3, 5),
(1, 1),
(1, 2),
(1, 3),
(1, 4),
(1, 5),
(2, 1),
(2, 2),
(2, 3),
(2, 4),
(2, 5),
(3, 1),
(3, 2),
(3, 3),
(3, 4),
(3, 5),
(1, 1),
(1, 2),
(1, 3),
(1, 4),
(1, 5),
(2, 1),
(2, 2),
(2, 3),
(2, 4),
(2, 5),
(3, 1),
(3, 2),
(3, 3),
(3, 4),
(3, 5),
(1, 1),
(1, 2),
(1, 3),
(1, 4),
(1, 5),
(2, 1),
(2, 2),
(2, 3),
(2, 4),
(2, 5),
(3, 1),
(3, 2),
(3, 3),
(3, 4),
(3, 5),
(1, 1),
(1, 2),
(1, 3),
(1, 4),
(1, 5);
